path,obj,total
LD347n2/231207_LD347n2_6DG5MAPPER_dish-450box_peaks_clust_ch1.tif,30,3600
LD347n2/231207_LD347n2_6DG5MAPPER_dish-450box_peaks_clust_ch2.tif,0,0
LD347n2/231207_LD347n2_6DG5MAPPER_dish001-600box_peaks_clust_ch1.tif,181,7053
LD347n2/231207_LD347n2_6DG5MAPPER_dish001-600box_peaks_clust_ch2.tif,0,0
LD347n2/231207_LD347n2_6DG5MAPPER_dish002-600box_peaks_clust_ch1.tif,122,15657
LD347n2/231207_LD347n2_6DG5MAPPER_dish002-600box_peaks_clust_ch2.tif,0,0
LD347n2/LBRFKBPGFP6DG5MAPStarFRB/IntCell1/231207_LD347n2_LBRFKBPGFP6DG5MAPPERStarFRB_dish2003-600box_peaks_clust_ch1.tif,339,29628
LD347n2/LBRFKBPGFP6DG5MAPStarFRB/IntCell1/231207_LD347n2_LBRFKBPGFP6DG5MAPPERStarFRB_dish2003-600box_peaks_clust_ch2.tif,63,11154
LD347n2/LBRFKBPGFP6DG5MAPStarFRB/IntCell1/231207_LD347n2_LBRFKBPGFP6DG5MAPPERStarFRB_dish2after-600box_peaks_clust_ch1.tif,277,24307
LD347n2/LBRFKBPGFP6DG5MAPStarFRB/IntCell1/231207_LD347n2_LBRFKBPGFP6DG5MAPPERStarFRB_dish2after-600box_peaks_clust_ch2.tif,396,39379
LD347n2/LBRFKBPGFP6DG5MAPStarFRB/IntCell2/231207_LD347n2_LBRFKBPGFP6DG5MAPPERStarFRB_dish2002-700box_peaks_clust_ch1.tif,193,20995
LD347n2/LBRFKBPGFP6DG5MAPStarFRB/IntCell2/231207_LD347n2_LBRFKBPGFP6DG5MAPPERStarFRB_dish2002-700box_peaks_clust_ch2.tif,20,2108
LD347n2/LBRFKBPGFP6DG5MAPStarFRB/IntCell2/231207_LD347n2_LBRFKBPGFP6DG5MAPPERStarFRB_dish2after001-700box_peaks_clust_ch1.tif,140,9700
LD347n2/LBRFKBPGFP6DG5MAPStarFRB/IntCell2/231207_LD347n2_LBRFKBPGFP6DG5MAPPERStarFRB_dish2after001-700box_peaks_clust_ch2.tif,415,28530
LD347n2/LBRFKBPGFP6DG5MAPStarFRB/IntCell3/231207_LD347n2_LBRFKBPGFP6DG5MAPPERStarFRB_dish3002-600box_peaks_clust_ch1.tif,513,34577
LD347n2/LBRFKBPGFP6DG5MAPStarFRB/IntCell3/231207_LD347n2_LBRFKBPGFP6DG5MAPPERStarFRB_dish3002-600box_peaks_clust_ch2.tif,3,136
LD347n2/LBRFKBPGFP6DG5MAPStarFRB/IntCell3/231207_LD347n2_LBRFKBPGFP6DG5MAPPERStarFRB_dish3rapa002-600box_peaks_clust_ch1.tif,366,31202
LD347n2/LBRFKBPGFP6DG5MAPStarFRB/IntCell3/231207_LD347n2_LBRFKBPGFP6DG5MAPPERStarFRB_dish3rapa002-600box_peaks_clust_ch2.tif,342,27831
LD347n2/LBRFKBPGFP6DG5MAPStarFRB/IntCell4/231207_LD347n2_LBRFKBPGFP6DG5MAPPERStarFRB_dish3003-800box_peaks_clust_ch1.tif,462,40723
LD347n2/LBRFKBPGFP6DG5MAPStarFRB/IntCell4/231207_LD347n2_LBRFKBPGFP6DG5MAPPERStarFRB_dish3003-800box_peaks_clust_ch2.tif,47,7344
LD347n2/LBRFKBPGFP6DG5MAPStarFRB/IntCell4/231207_LD347n2_LBRFKBPGFP6DG5MAPPERStarFRB_dish3rapa003-800box_peaks_clust_ch1.tif,309,25777
LD347n2/LBRFKBPGFP6DG5MAPStarFRB/IntCell4/231207_LD347n2_LBRFKBPGFP6DG5MAPPERStarFRB_dish3rapa003-800box_peaks_clust_ch2.tif,473,42049
LD347n2/LBRFKBPGFP6DG5MAPStarFRB/IntCell5/231207_LD347n2_LBRFKBPGFP6DG5MAPPERStarFRB_dish1001-700box_peaks_clust_ch1.tif,323,25814
LD347n2/LBRFKBPGFP6DG5MAPStarFRB/IntCell5/231207_LD347n2_LBRFKBPGFP6DG5MAPPERStarFRB_dish1001-700box_peaks_clust_ch2.tif,2,111
LD347n2/LBRFKBPGFP6DG5MAPStarFRB/IntCell5/231207_LD347n2_LBRFKBPGFP6DG5MAPPERStarFRB_dish1after001-700box_peaks_clust_ch1.tif,173,15214
LD347n2/LBRFKBPGFP6DG5MAPStarFRB/IntCell5/231207_LD347n2_LBRFKBPGFP6DG5MAPPERStarFRB_dish1after001-700box_peaks_clust_ch2.tif,142,11618
LD347n2/LBRFKBPGFP6DG5MAPStarFRB/MitoCell1/231207_LD347n2_LBRFKBPGFP6DG5MAPPERStarFRB_dish3-600box_peaks_clust_ch1.tif,319,24648
LD347n2/LBRFKBPGFP6DG5MAPStarFRB/MitoCell1/231207_LD347n2_LBRFKBPGFP6DG5MAPPERStarFRB_dish3-600box_peaks_clust_ch2.tif,3,606
LD347n2/LBRFKBPGFP6DG5MAPStarFRB/MitoCell1/231207_LD347n2_LBRFKBPGFP6DG5MAPPERStarFRB_dish3rapa001-600box_peaks_clust_ch1.tif,154,6662
LD347n2/LBRFKBPGFP6DG5MAPStarFRB/MitoCell1/231207_LD347n2_LBRFKBPGFP6DG5MAPPERStarFRB_dish3rapa001-600box_peaks_clust_ch2.tif,74,4858
LD347n2/LBRFKBPGFPStarFRB/IntCell1/231207_LD347n2_LBRFKBPGFPStarFRB_dish1002_peaks_clust_ch1.tif,1,26
LD347n2/LBRFKBPGFPStarFRB/IntCell1/231207_LD347n2_LBRFKBPGFPStarFRB_dish1002_peaks_clust_ch2.tif,10,348
LD347n2/LBRFKBPGFPStarFRB/IntCell1/231207_LD347n2_LBRFKBPGFPStarFRB_dish1after001_peaks_clust_ch1.tif,0,0
LD347n2/LBRFKBPGFPStarFRB/IntCell1/231207_LD347n2_LBRFKBPGFPStarFRB_dish1after001_peaks_clust_ch2.tif,338,8206
LD347n2/LBRFKBPGFPStarFRB/IntCell2/231207_LD347n2_LBRFKBPGFPStarFRB_dish1-600box_peaks_clust_ch1.tif,0,0
LD347n2/LBRFKBPGFPStarFRB/IntCell2/231207_LD347n2_LBRFKBPGFPStarFRB_dish1-600box_peaks_clust_ch2.tif,31,5315
LD347n2/LBRFKBPGFPStarFRB/IntCell2/231207_LD347n2_LBRFKBPGFPStarFRB_dish1after-600box_peaks_clust_ch1.tif,0,0
LD347n2/LBRFKBPGFPStarFRB/IntCell2/231207_LD347n2_LBRFKBPGFPStarFRB_dish1after-600box_peaks_clust_ch2.tif,62,3993
LD347n2/LBRFKBPGFPStarFRB/MitoCell1/231207_LD347n2_LBRFKBPGFPStarFRB_dish1001-600box_peaks_clust_ch1.tif,3,257
LD347n2/LBRFKBPGFPStarFRB/MitoCell1/231207_LD347n2_LBRFKBPGFPStarFRB_dish1001-600box_peaks_clust_ch2.tif,3,234
LD347n2/LBRFKBPGFPStarFRB/MitoCell1/231207_LD347n2_LBRFKBPGFPStarFRB_dish1after002-600box_peaks_clust_ch1.tif,2,311
LD347n2/LBRFKBPGFPStarFRB/MitoCell1/231207_LD347n2_LBRFKBPGFPStarFRB_dish1after002-600box_peaks_clust_ch2.tif,226,10111
LD347n2/LBRFKBPGFPStarFRB/MitoCell2/231207_LD347n2_LBRFKBPGFPStarFRB_dish2001-600box_peaks_clust_ch1.tif,0,0
LD347n2/LBRFKBPGFPStarFRB/MitoCell2/231207_LD347n2_LBRFKBPGFPStarFRB_dish2001-600box_peaks_clust_ch2.tif,9,1137
LD347n2/LBRFKBPGFPStarFRB/MitoCell2/231207_LD347n2_LBRFKBPGFPStarFRB_dish2after-600box_peaks_clust_ch1.tif,0,0
LD347n2/LBRFKBPGFPStarFRB/MitoCell2/231207_LD347n2_LBRFKBPGFPStarFRB_dish2after-600box_peaks_clust_ch2.tif,149,13588
LD347n3/LBRFKBPGFP6DG5MAPStarFRB/IntCell1/231213_LD347n2_HCT116_LBRFKBPGFP6DG5MAPStarFRB_dish1_007-600box_peaks_clust_ch1.tif,334,28032
LD347n3/LBRFKBPGFP6DG5MAPStarFRB/IntCell1/231213_LD347n2_HCT116_LBRFKBPGFP6DG5MAPStarFRB_dish1_007-600box_peaks_clust_ch2.tif,10,778
LD347n3/LBRFKBPGFP6DG5MAPStarFRB/IntCell1/231213_LD347n2_HCT116_LBRFKBPGFP6DG5MAPStarFRB_dish1_after001-600box_peaks_clust_ch1.tif,316,28991
LD347n3/LBRFKBPGFP6DG5MAPStarFRB/IntCell1/231213_LD347n2_HCT116_LBRFKBPGFP6DG5MAPStarFRB_dish1_after001-600box_peaks_clust_ch2.tif,171,18269
LD347n3/LBRFKBPGFP6DG5MAPStarFRB/IntCell2/231213_LD347n2_HCT116_LBRFKBPGFP6DG5MAPStarFRB_dish1_009-600box_peaks_clust_ch1.tif,379,43497
LD347n3/LBRFKBPGFP6DG5MAPStarFRB/IntCell2/231213_LD347n2_HCT116_LBRFKBPGFP6DG5MAPStarFRB_dish1_009-600box_peaks_clust_ch2.tif,16,1480
LD347n3/LBRFKBPGFP6DG5MAPStarFRB/IntCell2/231213_LD347n2_HCT116_LBRFKBPGFP6DG5MAPStarFRB_dish1_after003-600box_peaks_clust_ch1.tif,416,37098
LD347n3/LBRFKBPGFP6DG5MAPStarFRB/IntCell2/231213_LD347n2_HCT116_LBRFKBPGFP6DG5MAPStarFRB_dish1_after003-600box_peaks_clust_ch2.tif,195,17113
LD347n3/LBRFKBPGFP6DG5MAPStarFRB/IntCell3/231213_LD347n2_HCT116_LBRFKBPGFP6DG5MAPStarFRB_dish3003-600box_peaks_clust_ch1.tif,478,36386
LD347n3/LBRFKBPGFP6DG5MAPStarFRB/IntCell3/231213_LD347n2_HCT116_LBRFKBPGFP6DG5MAPStarFRB_dish3003-600box_peaks_clust_ch2.tif,2,180
LD347n3/LBRFKBPGFP6DG5MAPStarFRB/IntCell3/231213_LD347n2_HCT116_LBRFKBPGFP6DG5MAPStarFRB_dish3_after002-600box_peaks_clust_ch1.tif,375,26605
LD347n3/LBRFKBPGFP6DG5MAPStarFRB/IntCell3/231213_LD347n2_HCT116_LBRFKBPGFP6DG5MAPStarFRB_dish3_after002-600box_peaks_clust_ch2.tif,130,14635
LD347n3/LBRFKBPGFP6DG5MAPStarFRB/IntCell4/231213_LD347n2_HCT116_LBRFKBPGFP6DG5MAPStarFRB_dish3002-600box_peaks_clust_ch1.tif,384,28373
LD347n3/LBRFKBPGFP6DG5MAPStarFRB/IntCell4/231213_LD347n2_HCT116_LBRFKBPGFP6DG5MAPStarFRB_dish3002-600box_peaks_clust_ch2.tif,2,409
LD347n3/LBRFKBPGFP6DG5MAPStarFRB/IntCell4/231213_LD347n2_HCT116_LBRFKBPGFP6DG5MAPStarFRB_dish3_after003-600box_peaks_clust_ch1.tif,242,17724
LD347n3/LBRFKBPGFP6DG5MAPStarFRB/IntCell4/231213_LD347n2_HCT116_LBRFKBPGFP6DG5MAPStarFRB_dish3_after003-600box_peaks_clust_ch2.tif,111,7121
LD347n3/LBRFKBPGFP6DG5MAPStarFRB/IntCell5/231213_LD347n2_HCT116_LBRFKBPGFP6DG5MAPStarFRB_dish2002-600box_peaks_clust_ch1.tif,245,26110
LD347n3/LBRFKBPGFP6DG5MAPStarFRB/IntCell5/231213_LD347n2_HCT116_LBRFKBPGFP6DG5MAPStarFRB_dish2002-600box_peaks_clust_ch2.tif,2,87
LD347n3/LBRFKBPGFP6DG5MAPStarFRB/IntCell5/231213_LD347n2_HCT116_LBRFKBPGFP6DG5MAPStarFRB_dish2_after002-600box_peaks_clust_ch1.tif,243,28819
LD347n3/LBRFKBPGFP6DG5MAPStarFRB/IntCell5/231213_LD347n2_HCT116_LBRFKBPGFP6DG5MAPStarFRB_dish2_after002-600box_peaks_clust_ch2.tif,80,9817
LD347n3/LBRFKBPGFP6DG5MAPStarFRB/IntCell6/231213_LD347n2_HCT116_LBRFKBPGFP6DG5MAPStarFRB_dish2003-600box_peaks_clust_ch1.tif,210,36909
LD347n3/LBRFKBPGFP6DG5MAPStarFRB/IntCell6/231213_LD347n2_HCT116_LBRFKBPGFP6DG5MAPStarFRB_dish2003-600box_peaks_clust_ch2.tif,79,12294
LD347n3/LBRFKBPGFP6DG5MAPStarFRB/IntCell6/231213_LD347n2_HCT116_LBRFKBPGFP6DG5MAPStarFRB_dish2_after003-600box_peaks_clust_ch1.tif,229,40193
LD347n3/LBRFKBPGFP6DG5MAPStarFRB/IntCell6/231213_LD347n2_HCT116_LBRFKBPGFP6DG5MAPStarFRB_dish2_after003-600box_peaks_clust_ch2.tif,51,7274
LD347n3/LBRFKBPGFP6DG5MAPStarFRB/MitoCell1/231213_LD347n2_HCT116_LBRFKBPGFP6DG5MAPStarFRB_dish1_008-600box_peaks_clust_ch1.tif,198,20273
LD347n3/LBRFKBPGFP6DG5MAPStarFRB/MitoCell1/231213_LD347n2_HCT116_LBRFKBPGFP6DG5MAPStarFRB_dish1_008-600box_peaks_clust_ch2.tif,4,481
LD347n3/LBRFKBPGFP6DG5MAPStarFRB/MitoCell1/231213_LD347n2_HCT116_LBRFKBPGFP6DG5MAPStarFRB_dish1_after-600box_peaks_clust_ch1.tif,94,5364
LD347n3/LBRFKBPGFP6DG5MAPStarFRB/MitoCell1/231213_LD347n2_HCT116_LBRFKBPGFP6DG5MAPStarFRB_dish1_after-600box_peaks_clust_ch2.tif,32,1890
LD347n3/LBRFKBPGFP6DG5MAPStarFRB/MitoCell2/231213_LD347n2_HCT116_LBRFKBPGFP6DG5MAPStarFRB_dish2-600box_peaks_clust_ch1.tif,253,23231
LD347n3/LBRFKBPGFP6DG5MAPStarFRB/MitoCell2/231213_LD347n2_HCT116_LBRFKBPGFP6DG5MAPStarFRB_dish2-600box_peaks_clust_ch2.tif,4,296
LD347n3/LBRFKBPGFP6DG5MAPStarFRB/MitoCell2/231213_LD347n2_HCT116_LBRFKBPGFP6DG5MAPStarFRB_dish2_after-600box_peaks_clust_ch1.tif,153,9998
LD347n3/LBRFKBPGFP6DG5MAPStarFRB/MitoCell2/231213_LD347n2_HCT116_LBRFKBPGFP6DG5MAPStarFRB_dish2_after-600box_peaks_clust_ch2.tif,28,1925
LD347n3/LBRFKBPGFP6DG5MAPStarFRB/MitoCell3/231213_LD347n2_HCT116_LBRFKBPGFP6DG5MAPStarFRB_dish2001-600box_peaks_clust_ch1.tif,202,21251
LD347n3/LBRFKBPGFP6DG5MAPStarFRB/MitoCell3/231213_LD347n2_HCT116_LBRFKBPGFP6DG5MAPStarFRB_dish2001-600box_peaks_clust_ch2.tif,0,0
LD347n3/LBRFKBPGFP6DG5MAPStarFRB/MitoCell3/231213_LD347n2_HCT116_LBRFKBPGFP6DG5MAPStarFRB_dish2_after001-600box_peaks_clust_ch1.tif,173,14888
LD347n3/LBRFKBPGFP6DG5MAPStarFRB/MitoCell3/231213_LD347n2_HCT116_LBRFKBPGFP6DG5MAPStarFRB_dish2_after001-600box_peaks_clust_ch2.tif,1,22
LD347n3/LBRFKBPGFP6DG5MAPStarFRB/MitoCell4/231213_LD347n2_HCT116_LBRFKBPGFP6DG5MAPStarFRB_dish3001-600box_peaks_clust_ch1.tif,112,13600
LD347n3/LBRFKBPGFP6DG5MAPStarFRB/MitoCell4/231213_LD347n2_HCT116_LBRFKBPGFP6DG5MAPStarFRB_dish3001-600box_peaks_clust_ch2.tif,1,20
LD347n3/LBRFKBPGFP6DG5MAPStarFRB/MitoCell4/231213_LD347n2_HCT116_LBRFKBPGFP6DG5MAPStarFRB_dish3_after004-600box_peaks_clust_ch1.tif,133,13965
LD347n3/LBRFKBPGFP6DG5MAPStarFRB/MitoCell4/231213_LD347n2_HCT116_LBRFKBPGFP6DG5MAPStarFRB_dish3_after004-600box_peaks_clust_ch2.tif,5,241
LD347n3/LBRFKBPGFPStarFRB/IntCell1/231213_LD347n2_HCT116_LBRFKBPGFPStarFRB_dish1-600box_peaks_clust_ch1.tif,1,58
LD347n3/LBRFKBPGFPStarFRB/IntCell1/231213_LD347n2_HCT116_LBRFKBPGFPStarFRB_dish1-600box_peaks_clust_ch2.tif,59,11568
LD347n3/LBRFKBPGFPStarFRB/IntCell1/231213_LD347n2_HCT116_LBRFKBPGFPStarFRB_dish1_after003-600box_peaks_clust_ch1.tif,0,0
LD347n3/LBRFKBPGFPStarFRB/IntCell1/231213_LD347n2_HCT116_LBRFKBPGFPStarFRB_dish1_after003-600box_peaks_clust_ch2.tif,347,22732
LD347n3/LBRFKBPGFPStarFRB/MitoCell1/231213_LD347n2_HCT116_LBRFKBPGFPStarFRB_dish1001-600box_peaks_clust_ch1.tif,0,0
LD347n3/LBRFKBPGFPStarFRB/MitoCell1/231213_LD347n2_HCT116_LBRFKBPGFPStarFRB_dish1001-600box_peaks_clust_ch2.tif,0,0
LD347n3/LBRFKBPGFPStarFRB/MitoCell1/231213_LD347n2_HCT116_LBRFKBPGFPStarFRB_dish1_after002-600box_peaks_clust_ch1.tif,0,0
LD347n3/LBRFKBPGFPStarFRB/MitoCell1/231213_LD347n2_HCT116_LBRFKBPGFPStarFRB_dish1_after002-600box_peaks_clust_ch2.tif,43,2513
LD347n3/LBRFKBPGFPStarFRB/MitoCell2/231213_LD347n2_HCT116_LBRFKBPGFPStarFRB_dish1002-600box_peaks_clust_ch1.tif,0,0
LD347n3/LBRFKBPGFPStarFRB/MitoCell2/231213_LD347n2_HCT116_LBRFKBPGFPStarFRB_dish1002-600box_peaks_clust_ch2.tif,21,4012
LD347n3/LBRFKBPGFPStarFRB/MitoCell2/231213_LD347n2_HCT116_LBRFKBPGFPStarFRB_dish1_after001-600box_peaks_clust_ch1.tif,0,0
LD347n3/LBRFKBPGFPStarFRB/MitoCell2/231213_LD347n2_HCT116_LBRFKBPGFPStarFRB_dish1_after001-600box_peaks_clust_ch2.tif,138,16951
LD347n3/LBRFKBPGFPStarFRB/MitoCell3/231213_LD347n2_HCT116_LBRFKBPGFPStarFRB_dish2_004-600box_peaks_clust_ch1.tif,0,0
LD347n3/LBRFKBPGFPStarFRB/MitoCell3/231213_LD347n2_HCT116_LBRFKBPGFPStarFRB_dish2_004-600box_peaks_clust_ch2.tif,42,7160
LD347n3/LBRFKBPGFPStarFRB/MitoCell3/231213_LD347n2_HCT116_LBRFKBPGFPStarFRB_dish2_after-600box_peaks_clust_ch1.tif,0,0
LD347n3/LBRFKBPGFPStarFRB/MitoCell3/231213_LD347n2_HCT116_LBRFKBPGFPStarFRB_dish2_after-600box_peaks_clust_ch2.tif,197,25028
LD347n3/LBRFKBPGFPStarFRB/MitoCell4/231213_LD347n2_HCT116_LBRFKBPGFPStarFRB_dish2_003-600box_peaks_clust_ch1.tif,0,0
LD347n3/LBRFKBPGFPStarFRB/MitoCell4/231213_LD347n2_HCT116_LBRFKBPGFPStarFRB_dish2_003-600box_peaks_clust_ch2.tif,18,4295
LD347n3/LBRFKBPGFPStarFRB/MitoCell4/231213_LD347n2_HCT116_LBRFKBPGFPStarFRB_dish2_after001-600box_peaks_clust_ch1.tif,0,0
LD347n3/LBRFKBPGFPStarFRB/MitoCell4/231213_LD347n2_HCT116_LBRFKBPGFPStarFRB_dish2_after001-600box_peaks_clust_ch2.tif,155,18893
LD347n4/LBRFKBPGFP6DG5MAPStarFRB/IntCell1/231214_LD347n4_HCT116_LBRFKBPGFP6DG5MAPStarFRB_dish1_after005-700box_peaks_clust_ch1.tif,270,24965
LD347n4/LBRFKBPGFP6DG5MAPStarFRB/IntCell1/231214_LD347n4_HCT116_LBRFKBPGFP6DG5MAPStarFRB_dish1_after005-700box_peaks_clust_ch2.tif,461,45030
LD347n4/LBRFKBPGFP6DG5MAPStarFRB/IntCell1/231214_LD347n4_HCT116_LBRFKBPGFP6DG5MAPStarFRB_dish1_before004-700box_peaks_clust_ch1.tif,515,43975
LD347n4/LBRFKBPGFP6DG5MAPStarFRB/IntCell1/231214_LD347n4_HCT116_LBRFKBPGFP6DG5MAPStarFRB_dish1_before004-700box_peaks_clust_ch2.tif,69,10094
LD347n4/LBRFKBPGFP6DG5MAPStarFRB/IntCell10/231214_LD347n4_HCT116_LBRFKBPGFP6DG5MAPStarFRB_dish4_after001-800box_peaks_clust_ch1.tif,422,35128
LD347n4/LBRFKBPGFP6DG5MAPStarFRB/IntCell10/231214_LD347n4_HCT116_LBRFKBPGFP6DG5MAPStarFRB_dish4_after001-800box_peaks_clust_ch2.tif,238,20185
LD347n4/LBRFKBPGFP6DG5MAPStarFRB/IntCell10/231214_LD347n4_HCT116_LBRFKBPGFP6DG5MAPStarFRB_dish4_before005-800box_peaks_clust_ch1.tif,705,55846
LD347n4/LBRFKBPGFP6DG5MAPStarFRB/IntCell10/231214_LD347n4_HCT116_LBRFKBPGFP6DG5MAPStarFRB_dish4_before005-800box_peaks_clust_ch2.tif,7,456
LD347n4/LBRFKBPGFP6DG5MAPStarFRB/IntCell2/231214_LD347n4_HCT116_LBRFKBPGFP6DG5MAPStarFRB_dish2_after003-600box_peaks_clust_ch1.tif,662,52788
LD347n4/LBRFKBPGFP6DG5MAPStarFRB/IntCell2/231214_LD347n4_HCT116_LBRFKBPGFP6DG5MAPStarFRB_dish2_after003-600box_peaks_clust_ch2.tif,458,30344
LD347n4/LBRFKBPGFP6DG5MAPStarFRB/IntCell2/231214_LD347n4_HCT116_LBRFKBPGFP6DG5MAPStarFRB_dish2_before003-600box_peaks_clust_ch1.tif,687,54682
LD347n4/LBRFKBPGFP6DG5MAPStarFRB/IntCell2/231214_LD347n4_HCT116_LBRFKBPGFP6DG5MAPStarFRB_dish2_before003-600box_peaks_clust_ch2.tif,20,2304
LD347n4/LBRFKBPGFP6DG5MAPStarFRB/IntCell3/231214_LD347n4_HCT116_LBRFKBPGFP6DG5MAPStarFRB_dish2_after001-850box_peaks_clust_ch1.tif,778,88245
LD347n4/LBRFKBPGFP6DG5MAPStarFRB/IntCell3/231214_LD347n4_HCT116_LBRFKBPGFP6DG5MAPStarFRB_dish2_after001-850box_peaks_clust_ch2.tif,50,5356
LD347n4/LBRFKBPGFP6DG5MAPStarFRB/IntCell3/231214_LD347n4_HCT116_LBRFKBPGFP6DG5MAPStarFRB_dish2_before002-850box_peaks_clust_ch1.tif,833,106386
LD347n4/LBRFKBPGFP6DG5MAPStarFRB/IntCell3/231214_LD347n4_HCT116_LBRFKBPGFP6DG5MAPStarFRB_dish2_before002-850box_peaks_clust_ch2.tif,16,1377
LD347n4/LBRFKBPGFP6DG5MAPStarFRB/IntCell4/231214_LD347n4_HCT116_LBRFKBPGFP6DG5MAPStarFRB_dish3_after-600box_peaks_clust_ch1.tif,370,58214
LD347n4/LBRFKBPGFP6DG5MAPStarFRB/IntCell4/231214_LD347n4_HCT116_LBRFKBPGFP6DG5MAPStarFRB_dish3_after-600box_peaks_clust_ch2.tif,159,24666
LD347n4/LBRFKBPGFP6DG5MAPStarFRB/IntCell4/231214_LD347n4_HCT116_LBRFKBPGFP6DG5MAPStarFRB_dish3_before004-600box_peaks_clust_ch1.tif,383,59408
LD347n4/LBRFKBPGFP6DG5MAPStarFRB/IntCell4/231214_LD347n4_HCT116_LBRFKBPGFP6DG5MAPStarFRB_dish3_before004-600box_peaks_clust_ch2.tif,83,13297
LD347n4/LBRFKBPGFP6DG5MAPStarFRB/IntCell5/231214_LD347n4_HCT116_LBRFKBPGFP6DG5MAPStarFRB_dish3_after002-800box_peaks_clust_ch1.tif,171,15274
LD347n4/LBRFKBPGFP6DG5MAPStarFRB/IntCell5/231214_LD347n4_HCT116_LBRFKBPGFP6DG5MAPStarFRB_dish3_after002-800box_peaks_clust_ch2.tif,370,20940
LD347n4/LBRFKBPGFP6DG5MAPStarFRB/IntCell5/231214_LD347n4_HCT116_LBRFKBPGFP6DG5MAPStarFRB_dish3_before001-800box_peaks_clust_ch1.tif,425,37375
LD347n4/LBRFKBPGFP6DG5MAPStarFRB/IntCell5/231214_LD347n4_HCT116_LBRFKBPGFP6DG5MAPStarFRB_dish3_before001-800box_peaks_clust_ch2.tif,4,346
LD347n4/LBRFKBPGFP6DG5MAPStarFRB/IntCell6/231214_LD347n4_HCT116_LBRFKBPGFP6DG5MAPStarFRB_dish3_after001-600box1_peaks_clust_ch1.tif,409,30080
LD347n4/LBRFKBPGFP6DG5MAPStarFRB/IntCell6/231214_LD347n4_HCT116_LBRFKBPGFP6DG5MAPStarFRB_dish3_after001-600box1_peaks_clust_ch2.tif,107,8576
LD347n4/LBRFKBPGFP6DG5MAPStarFRB/IntCell6/231214_LD347n4_HCT116_LBRFKBPGFP6DG5MAPStarFRB_dish3_before003-600box1_peaks_clust_ch1.tif,388,35323
LD347n4/LBRFKBPGFP6DG5MAPStarFRB/IntCell6/231214_LD347n4_HCT116_LBRFKBPGFP6DG5MAPStarFRB_dish3_before003-600box1_peaks_clust_ch2.tif,0,0
LD347n4/LBRFKBPGFP6DG5MAPStarFRB/IntCell7/231214_LD347n4_HCT116_LBRFKBPGFP6DG5MAPStarFRB_dish3_after001-600box2_peaks_clust_ch1.tif,340,33990
LD347n4/LBRFKBPGFP6DG5MAPStarFRB/IntCell7/231214_LD347n4_HCT116_LBRFKBPGFP6DG5MAPStarFRB_dish3_after001-600box2_peaks_clust_ch2.tif,64,5587
LD347n4/LBRFKBPGFP6DG5MAPStarFRB/IntCell7/231214_LD347n4_HCT116_LBRFKBPGFP6DG5MAPStarFRB_dish3_before003-600box2_peaks_clust_ch1.tif,317,33694
LD347n4/LBRFKBPGFP6DG5MAPStarFRB/IntCell7/231214_LD347n4_HCT116_LBRFKBPGFP6DG5MAPStarFRB_dish3_before003-600box2_peaks_clust_ch2.tif,3,142
LD347n4/LBRFKBPGFP6DG5MAPStarFRB/IntCell8/231214_LD347n4_HCT116_LBRFKBPGFP6DG5MAPStarFRB_dish4_after002-600box1_peaks_clust_ch1.tif,349,32941
LD347n4/LBRFKBPGFP6DG5MAPStarFRB/IntCell8/231214_LD347n4_HCT116_LBRFKBPGFP6DG5MAPStarFRB_dish4_after002-600box1_peaks_clust_ch2.tif,77,7717
LD347n4/LBRFKBPGFP6DG5MAPStarFRB/IntCell8/231214_LD347n4_HCT116_LBRFKBPGFP6DG5MAPStarFRB_dish4_before004-600box_peaks_clust_ch1.tif,469,34549
LD347n4/LBRFKBPGFP6DG5MAPStarFRB/IntCell8/231214_LD347n4_HCT116_LBRFKBPGFP6DG5MAPStarFRB_dish4_before004-600box_peaks_clust_ch2.tif,6,412
LD347n4/LBRFKBPGFP6DG5MAPStarFRB/IntCell9/231214_LD347n4_HCT116_LBRFKBPGFP6DG5MAPStarFRB_dish4_after002-600box2_peaks_clust_ch1.tif,237,21905
LD347n4/LBRFKBPGFP6DG5MAPStarFRB/IntCell9/231214_LD347n4_HCT116_LBRFKBPGFP6DG5MAPStarFRB_dish4_after002-600box2_peaks_clust_ch2.tif,103,10773
LD347n4/LBRFKBPGFP6DG5MAPStarFRB/IntCell9/231214_LD347n4_HCT116_LBRFKBPGFP6DG5MAPStarFRB_dish4_before004-600box2_peaks_clust_ch1.tif,336,30267
LD347n4/LBRFKBPGFP6DG5MAPStarFRB/IntCell9/231214_LD347n4_HCT116_LBRFKBPGFP6DG5MAPStarFRB_dish4_before004-600box2_peaks_clust_ch2.tif,5,748
LD347n4/LBRFKBPGFP6DG5MAPStarFRB/MitoCell1/231214_LD347n4_HCT116_LBRFKBPGFP6DG5MAPStarFRB_dish1_after-600box_peaks_clust_ch1.tif,161,11529
LD347n4/LBRFKBPGFP6DG5MAPStarFRB/MitoCell1/231214_LD347n4_HCT116_LBRFKBPGFP6DG5MAPStarFRB_dish1_after-600box_peaks_clust_ch2.tif,1,108
LD347n4/LBRFKBPGFP6DG5MAPStarFRB/MitoCell1/231214_LD347n4_HCT116_LBRFKBPGFP6DG5MAPStarFRB_dish1_before005-600box_peaks_clust_ch1.tif,138,14346
LD347n4/LBRFKBPGFP6DG5MAPStarFRB/MitoCell1/231214_LD347n4_HCT116_LBRFKBPGFP6DG5MAPStarFRB_dish1_before005-600box_peaks_clust_ch2.tif,1,16
LD347n4/LBRFKBPGFP6DG5MAPStarFRB/MitoCell2/231214_LD347n4_HCT116_LBRFKBPGFP6DG5MAPStarFRB_dish1_after001-600box_peaks_clust_ch1.tif,121,5208
LD347n4/LBRFKBPGFP6DG5MAPStarFRB/MitoCell2/231214_LD347n4_HCT116_LBRFKBPGFP6DG5MAPStarFRB_dish1_after001-600box_peaks_clust_ch2.tif,58,3102
LD347n4/LBRFKBPGFP6DG5MAPStarFRB/MitoCell2/231214_LD347n4_HCT116_LBRFKBPGFP6DG5MAPStarFRB_dish1_before003-600box_peaks_clust_ch1.tif,168,11163
LD347n4/LBRFKBPGFP6DG5MAPStarFRB/MitoCell2/231214_LD347n4_HCT116_LBRFKBPGFP6DG5MAPStarFRB_dish1_before003-600box_peaks_clust_ch2.tif,6,1102
LD347n4/LBRFKBPGFP6DG5MAPStarFRB/MitoCell3/231214_LD347n4_HCT116_LBRFKBPGFP6DG5MAPStarFRB_dish2_after-600box_peaks_clust_ch1.tif,249,14115
LD347n4/LBRFKBPGFP6DG5MAPStarFRB/MitoCell3/231214_LD347n4_HCT116_LBRFKBPGFP6DG5MAPStarFRB_dish2_after-600box_peaks_clust_ch2.tif,88,5016
LD347n4/LBRFKBPGFP6DG5MAPStarFRB/MitoCell3/231214_LD347n4_HCT116_LBRFKBPGFP6DG5MAPStarFRB_dish2_before004-600box_peaks_clust_ch1.tif,268,23804
LD347n4/LBRFKBPGFP6DG5MAPStarFRB/MitoCell3/231214_LD347n4_HCT116_LBRFKBPGFP6DG5MAPStarFRB_dish2_before004-600box_peaks_clust_ch2.tif,0,0
LD347n4/LBRFKBPGFP6DG5MAPStarFRB/MitoCell4/231214_LD347n4_HCT116_LBRFKBPGFP6DG5MAPStarFRB_dish1_after004-600box_peaks_clust_ch1.tif,227,28141
LD347n4/LBRFKBPGFP6DG5MAPStarFRB/MitoCell4/231214_LD347n4_HCT116_LBRFKBPGFP6DG5MAPStarFRB_dish1_after004-600box_peaks_clust_ch2.tif,76,12546
LD347n4/LBRFKBPGFP6DG5MAPStarFRB/MitoCell4/231214_LD347n4_HCT116_LBRFKBPGFP6DG5MAPStarFRB_dish1_before-600box_peaks_clust_ch1.tif,198,28044
LD347n4/LBRFKBPGFP6DG5MAPStarFRB/MitoCell4/231214_LD347n4_HCT116_LBRFKBPGFP6DG5MAPStarFRB_dish1_before-600box_peaks_clust_ch2.tif,19,2734
LD347n4/LBRFKBPGFP6DG5MAPStarFRB/MitoCell5/231214_LD347n4_HCT116_LBRFKBPGFP6DG5MAPStarFRB_dish3_after005-600box_peaks_clust_ch1.tif,185,16761
LD347n4/LBRFKBPGFP6DG5MAPStarFRB/MitoCell5/231214_LD347n4_HCT116_LBRFKBPGFP6DG5MAPStarFRB_dish3_after005-600box_peaks_clust_ch2.tif,194,25460
LD347n4/LBRFKBPGFP6DG5MAPStarFRB/MitoCell5/231214_LD347n4_HCT116_LBRFKBPGFP6DG5MAPStarFRB_dish3_before005-600box_peaks_clust_ch1.tif,136,17649
LD347n4/LBRFKBPGFP6DG5MAPStarFRB/MitoCell5/231214_LD347n4_HCT116_LBRFKBPGFP6DG5MAPStarFRB_dish3_before005-600box_peaks_clust_ch2.tif,64,11422
LD347n4/LBRFKBPGFP6DG5MAPStarFRB/MitoCell6/231214_LD347n4_HCT116_LBRFKBPGFP6DG5MAPStarFRB_dish3_after003-600box_peaks_clust_ch1.tif,137,8784
LD347n4/LBRFKBPGFP6DG5MAPStarFRB/MitoCell6/231214_LD347n4_HCT116_LBRFKBPGFP6DG5MAPStarFRB_dish3_after003-600box_peaks_clust_ch2.tif,19,924
LD347n4/LBRFKBPGFP6DG5MAPStarFRB/MitoCell6/231214_LD347n4_HCT116_LBRFKBPGFP6DG5MAPStarFRB_dish3_before-600box_peaks_clust_ch1.tif,280,26109
LD347n4/LBRFKBPGFP6DG5MAPStarFRB/MitoCell6/231214_LD347n4_HCT116_LBRFKBPGFP6DG5MAPStarFRB_dish3_before-600box_peaks_clust_ch2.tif,0,0
LD347n4/LBRFKBPGFP6DG5MAPStarFRB/MitoCell7/231214_LD347n4_HCT116_LBRFKBPGFP6DG5MAPStarFRB_dish4_after-600box_peaks_clust_ch1.tif,130,6704
LD347n4/LBRFKBPGFP6DG5MAPStarFRB/MitoCell7/231214_LD347n4_HCT116_LBRFKBPGFP6DG5MAPStarFRB_dish4_after-600box_peaks_clust_ch2.tif,153,14205
LD347n4/LBRFKBPGFP6DG5MAPStarFRB/MitoCell7/231214_LD347n4_HCT116_LBRFKBPGFP6DG5MAPStarFRB_dish4_before007-600box_peaks_clust_ch1.tif,195,16693
LD347n4/LBRFKBPGFP6DG5MAPStarFRB/MitoCell7/231214_LD347n4_HCT116_LBRFKBPGFP6DG5MAPStarFRB_dish4_before007-600box_peaks_clust_ch2.tif,6,452
LD347n4/LBRFKBPGFPStarFRB/IntCell1/231214_LD347n4_HCT116_LBRFKBPGFPStarFRB_dish1_after007-600box_peaks_clust_ch1.tif,0,0
LD347n4/LBRFKBPGFPStarFRB/IntCell1/231214_LD347n4_HCT116_LBRFKBPGFPStarFRB_dish1_after007-600box_peaks_clust_ch2.tif,51,2701
LD347n4/LBRFKBPGFPStarFRB/IntCell1/231214_LD347n4_HCT116_LBRFKBPGFPStarFRB_dish1_before002-600box_peaks_clust_ch1.tif,0,0
LD347n4/LBRFKBPGFPStarFRB/IntCell1/231214_LD347n4_HCT116_LBRFKBPGFPStarFRB_dish1_before002-600box_peaks_clust_ch2.tif,2,24
LD347n4/LBRFKBPGFPStarFRB/IntCell10/231214_LD347n4_HCT116_LBRFKBPGFPStarFRB_dish3_after002-800box_peaks_clust_ch1.tif,0,0
LD347n4/LBRFKBPGFPStarFRB/IntCell10/231214_LD347n4_HCT116_LBRFKBPGFPStarFRB_dish3_after002-800box_peaks_clust_ch2.tif,316,18170
LD347n4/LBRFKBPGFPStarFRB/IntCell10/231214_LD347n4_HCT116_LBRFKBPGFPStarFRB_dish3_before002-800box_peaks_clust_ch1.tif,1,24
LD347n4/LBRFKBPGFPStarFRB/IntCell10/231214_LD347n4_HCT116_LBRFKBPGFPStarFRB_dish3_before002-800box_peaks_clust_ch2.tif,4,391
LD347n4/LBRFKBPGFPStarFRB/IntCell2/231214_LD347n4_HCT116_LBRFKBPGFPStarFRB_dish1_after006-800box_peaks_clust_ch1.tif,0,0
LD347n4/LBRFKBPGFPStarFRB/IntCell2/231214_LD347n4_HCT116_LBRFKBPGFPStarFRB_dish1_after006-800box_peaks_clust_ch2.tif,66,3552
LD347n4/LBRFKBPGFPStarFRB/IntCell2/231214_LD347n4_HCT116_LBRFKBPGFPStarFRB_dish1_before-800box_peaks_clust_ch1.tif,1,53
LD347n4/LBRFKBPGFPStarFRB/IntCell2/231214_LD347n4_HCT116_LBRFKBPGFPStarFRB_dish1_before-800box_peaks_clust_ch2.tif,7,1081
LD347n4/LBRFKBPGFPStarFRB/IntCell3/231214_LD347n4_HCT116_LBRFKBPGFPStarFRB_dish1_after004-700box_peaks_clust_ch1.tif,1,37
LD347n4/LBRFKBPGFPStarFRB/IntCell3/231214_LD347n4_HCT116_LBRFKBPGFPStarFRB_dish1_after004-700box_peaks_clust_ch2.tif,212,10887
LD347n4/LBRFKBPGFPStarFRB/IntCell3/231214_LD347n4_HCT116_LBRFKBPGFPStarFRB_dish1_before003-700box_peaks_clust_ch1.tif,0,0
LD347n4/LBRFKBPGFPStarFRB/IntCell3/231214_LD347n4_HCT116_LBRFKBPGFPStarFRB_dish1_before003-700box_peaks_clust_ch2.tif,13,2524
LD347n4/LBRFKBPGFPStarFRB/IntCell4/231214_LD347n4_HCT116_LBRFKBPGFPStarFRB_dish1_after003-700box_peaks_clust_ch1.tif,0,0
LD347n4/LBRFKBPGFPStarFRB/IntCell4/231214_LD347n4_HCT116_LBRFKBPGFPStarFRB_dish1_after003-700box_peaks_clust_ch2.tif,448,34954
LD347n4/LBRFKBPGFPStarFRB/IntCell4/231214_LD347n4_HCT116_LBRFKBPGFPStarFRB_dish1_before004-700box_peaks_clust_ch1.tif,1,25
LD347n4/LBRFKBPGFPStarFRB/IntCell4/231214_LD347n4_HCT116_LBRFKBPGFPStarFRB_dish1_before004-700box_peaks_clust_ch2.tif,143,21380
LD347n4/LBRFKBPGFPStarFRB/IntCell5/231214_LD347n4_HCT116_LBRFKBPGFPStarFRB_dish1_after002-600box_peaks_clust_ch1.tif,0,0
LD347n4/LBRFKBPGFPStarFRB/IntCell5/231214_LD347n4_HCT116_LBRFKBPGFPStarFRB_dish1_after002-600box_peaks_clust_ch2.tif,89,8542
LD347n4/LBRFKBPGFPStarFRB/IntCell5/231214_LD347n4_HCT116_LBRFKBPGFPStarFRB_dish1_before005-600box_peaks_clust_ch1.tif,0,0
LD347n4/LBRFKBPGFPStarFRB/IntCell5/231214_LD347n4_HCT116_LBRFKBPGFPStarFRB_dish1_before005-600box_peaks_clust_ch2.tif,35,5735
LD347n4/LBRFKBPGFPStarFRB/IntCell6/231214_LD347n4_HCT116_LBRFKBPGFPStarFRB_dish1_after001-600box_peaks_clust_ch1.tif,1,10
LD347n4/LBRFKBPGFPStarFRB/IntCell6/231214_LD347n4_HCT116_LBRFKBPGFPStarFRB_dish1_after001-600box_peaks_clust_ch2.tif,411,30674
LD347n4/LBRFKBPGFPStarFRB/IntCell6/231214_LD347n4_HCT116_LBRFKBPGFPStarFRB_dish1_before006-600box_peaks_clust_ch1.tif,1,114
LD347n4/LBRFKBPGFPStarFRB/IntCell6/231214_LD347n4_HCT116_LBRFKBPGFPStarFRB_dish1_before006-600box_peaks_clust_ch2.tif,173,25779
LD347n4/LBRFKBPGFPStarFRB/IntCell7/231214_LD347n4_HCT116_LBRFKBPGFPStarFRB_dish2_after-800box_peaks_clust_ch1.tif,0,0
LD347n4/LBRFKBPGFPStarFRB/IntCell7/231214_LD347n4_HCT116_LBRFKBPGFPStarFRB_dish2_after-800box_peaks_clust_ch2.tif,642,40641
LD347n4/LBRFKBPGFPStarFRB/IntCell7/231214_LD347n4_HCT116_LBRFKBPGFPStarFRB_dish2_before003-800box_peaks_clust_ch1.tif,0,0
LD347n4/LBRFKBPGFPStarFRB/IntCell7/231214_LD347n4_HCT116_LBRFKBPGFPStarFRB_dish2_before003-800box_peaks_clust_ch2.tif,22,3537
LD347n4/LBRFKBPGFPStarFRB/IntCell8/231214_LD347n4_HCT116_LBRFKBPGFPStarFRB_dish2_after002-600box_peaks_clust_ch1.tif,0,0
LD347n4/LBRFKBPGFPStarFRB/IntCell8/231214_LD347n4_HCT116_LBRFKBPGFPStarFRB_dish2_after002-600box_peaks_clust_ch2.tif,200,9093
LD347n4/LBRFKBPGFPStarFRB/IntCell8/231214_LD347n4_HCT116_LBRFKBPGFPStarFRB_dish2_before001-600box_peaks_clust_ch1.tif,0,0
LD347n4/LBRFKBPGFPStarFRB/IntCell8/231214_LD347n4_HCT116_LBRFKBPGFPStarFRB_dish2_before001-600box_peaks_clust_ch2.tif,4,184
LD347n4/LBRFKBPGFPStarFRB/IntCell9/231214_LD347n4_HCT116_LBRFKBPGFPStarFRB_dish3_after002-700box_peaks_clust_ch1.tif,0,0
LD347n4/LBRFKBPGFPStarFRB/IntCell9/231214_LD347n4_HCT116_LBRFKBPGFPStarFRB_dish3_after002-700box_peaks_clust_ch2.tif,884,63163
LD347n4/LBRFKBPGFPStarFRB/IntCell9/231214_LD347n4_HCT116_LBRFKBPGFPStarFRB_dish3_before002-700box_peaks_clust_ch1.tif,1,80
LD347n4/LBRFKBPGFPStarFRB/IntCell9/231214_LD347n4_HCT116_LBRFKBPGFPStarFRB_dish3_before002-700box_peaks_clust_ch2.tif,163,22103
LD347n4/LBRFKBPGFPStarFRB/MitoCell1/231214_LD347n4_HCT116_LBRFKBPGFPStarFRB_dish1_after-600box_peaks_clust_ch1.tif,0,0
LD347n4/LBRFKBPGFPStarFRB/MitoCell1/231214_LD347n4_HCT116_LBRFKBPGFPStarFRB_dish1_after-600box_peaks_clust_ch2.tif,90,5413
LD347n4/LBRFKBPGFPStarFRB/MitoCell1/231214_LD347n4_HCT116_LBRFKBPGFPStarFRB_dish1_before007-600box_peaks_clust_ch1.tif,1,96
LD347n4/LBRFKBPGFPStarFRB/MitoCell1/231214_LD347n4_HCT116_LBRFKBPGFPStarFRB_dish1_before007-600box_peaks_clust_ch2.tif,2,561
LD347n4/LBRFKBPGFPStarFRB/MitoCell2/231214_LD347n4_HCT116_LBRFKBPGFPStarFRB_dish2_after001-600box_peaks_clust_ch1.tif,0,0
LD347n4/LBRFKBPGFPStarFRB/MitoCell2/231214_LD347n4_HCT116_LBRFKBPGFPStarFRB_dish2_after001-600box_peaks_clust_ch2.tif,99,11773
LD347n4/LBRFKBPGFPStarFRB/MitoCell2/231214_LD347n4_HCT116_LBRFKBPGFPStarFRB_dish2_before002-600box_peaks_clust_ch1.tif,0,0
LD347n4/LBRFKBPGFPStarFRB/MitoCell2/231214_LD347n4_HCT116_LBRFKBPGFPStarFRB_dish2_before002-600box_peaks_clust_ch2.tif,10,1153
LD347n6/LBRFKBPGFP6DG5MAPStarFRB/IntCell1/240123_LD347n6_HCT116_LBRFKBPGFP6DG5MAPStarFRB_dish1_after001-600box_peaks_clust_ch1.tif,471,22822
LD347n6/LBRFKBPGFP6DG5MAPStarFRB/IntCell1/240123_LD347n6_HCT116_LBRFKBPGFP6DG5MAPStarFRB_dish1_after001-600box_peaks_clust_ch2.tif,4,159
LD347n6/LBRFKBPGFP6DG5MAPStarFRB/IntCell1/240123_LD347n6_HCT116_LBRFKBPGFP6DG5MAPStarFRB_dish1_after001-750box_peaks_clust_ch1.tif,463,22398
LD347n6/LBRFKBPGFP6DG5MAPStarFRB/IntCell1/240123_LD347n6_HCT116_LBRFKBPGFP6DG5MAPStarFRB_dish1_after001-750box_peaks_clust_ch2.tif,4,159
LD347n6/LBRFKBPGFP6DG5MAPStarFRB/IntCell1/240123_LD347n6_HCT116_LBRFKBPGFP6DG5MAPStarFRB_dish1_before001-750box_peaks_clust_ch1.tif,574,33927
LD347n6/LBRFKBPGFP6DG5MAPStarFRB/IntCell1/240123_LD347n6_HCT116_LBRFKBPGFP6DG5MAPStarFRB_dish1_before001-750box_peaks_clust_ch2.tif,3,267
LD347n6/LBRFKBPGFP6DG5MAPStarFRB/IntCell2/240123_LD347n6_HCT116_LBRFKBPGFP6DG5MAPStarFRB_dish1_after002-800box_peaks_clust_ch1.tif,631,41600
LD347n6/LBRFKBPGFP6DG5MAPStarFRB/IntCell2/240123_LD347n6_HCT116_LBRFKBPGFP6DG5MAPStarFRB_dish1_after002-800box_peaks_clust_ch2.tif,274,19522
LD347n6/LBRFKBPGFP6DG5MAPStarFRB/IntCell2/240123_LD347n6_HCT116_LBRFKBPGFP6DG5MAPStarFRB_dish1_before002-800box_peaks_clust_ch1.tif,807,58484
LD347n6/LBRFKBPGFP6DG5MAPStarFRB/IntCell2/240123_LD347n6_HCT116_LBRFKBPGFP6DG5MAPStarFRB_dish1_before002-800box_peaks_clust_ch2.tif,9,417
LD347n6/LBRFKBPGFP6DG5MAPStarFRB/IntCell3/240123_LD347n6_HCT116_LBRFKBPGFP6DG5MAPStarFRB_dish3_after001-600box_peaks_clust_ch1.tif,289,19607
LD347n6/LBRFKBPGFP6DG5MAPStarFRB/IntCell3/240123_LD347n6_HCT116_LBRFKBPGFP6DG5MAPStarFRB_dish3_after001-600box_peaks_clust_ch2.tif,22,757
LD347n6/LBRFKBPGFP6DG5MAPStarFRB/IntCell3/240123_LD347n6_HCT116_LBRFKBPGFP6DG5MAPStarFRB_dish3_before001-600box_peaks_clust_ch1.tif,376,31320
LD347n6/LBRFKBPGFP6DG5MAPStarFRB/IntCell3/240123_LD347n6_HCT116_LBRFKBPGFP6DG5MAPStarFRB_dish3_before001-600box_peaks_clust_ch2.tif,0,0
LD347n6/LBRFKBPGFP6DG5MAPStarFRB/IntCell4/240123_LD347n6_HCT116_LBRFKBPGFP6DG5MAPStarFRB_dish4_after002-600box_peaks_clust_ch1.tif,365,20730
LD347n6/LBRFKBPGFP6DG5MAPStarFRB/IntCell4/240123_LD347n6_HCT116_LBRFKBPGFP6DG5MAPStarFRB_dish4_after002-600box_peaks_clust_ch2.tif,367,25695
LD347n6/LBRFKBPGFP6DG5MAPStarFRB/IntCell4/240123_LD347n6_HCT116_LBRFKBPGFP6DG5MAPStarFRB_dish4_before002-600box_peaks_clust_ch1.tif,415,27657
LD347n6/LBRFKBPGFP6DG5MAPStarFRB/IntCell4/240123_LD347n6_HCT116_LBRFKBPGFP6DG5MAPStarFRB_dish4_before002-600box_peaks_clust_ch2.tif,1,637
LD347n6/LBRFKBPGFP6DG5MAPStarFRB/IntCell5/240123_LD347n6_HCT116_LBRFKBPGFP6DG5MAPStarFRB_dish5_after-600box_peaks_clust_ch1.tif,189,25068
LD347n6/LBRFKBPGFP6DG5MAPStarFRB/IntCell5/240123_LD347n6_HCT116_LBRFKBPGFP6DG5MAPStarFRB_dish5_after-600box_peaks_clust_ch2.tif,96,11980
LD347n6/LBRFKBPGFP6DG5MAPStarFRB/IntCell5/240123_LD347n6_HCT116_LBRFKBPGFP6DG5MAPStarFRB_dish5_before002-600box_peaks_clust_ch1.tif,138,14988
LD347n6/LBRFKBPGFP6DG5MAPStarFRB/IntCell5/240123_LD347n6_HCT116_LBRFKBPGFP6DG5MAPStarFRB_dish5_before002-600box_peaks_clust_ch2.tif,13,3137
LD347n6/LBRFKBPGFP6DG5MAPStarFRB/IntCell6/240123_LD347n6_HCT116_LBRFKBPGFP6DG5MAPStarFRB_dish5_after002-600box_peaks_clust_ch1.tif,668,85995
LD347n6/LBRFKBPGFP6DG5MAPStarFRB/IntCell6/240123_LD347n6_HCT116_LBRFKBPGFP6DG5MAPStarFRB_dish5_after002-600box_peaks_clust_ch2.tif,190,19038
LD347n6/LBRFKBPGFP6DG5MAPStarFRB/IntCell6/240123_LD347n6_HCT116_LBRFKBPGFP6DG5MAPStarFRB_dish5_before-600box_peaks_clust_ch1.tif,566,81715
LD347n6/LBRFKBPGFP6DG5MAPStarFRB/IntCell6/240123_LD347n6_HCT116_LBRFKBPGFP6DG5MAPStarFRB_dish5_before-600box_peaks_clust_ch2.tif,3,393
LD347n6/LBRFKBPGFP6DG5MAPStarFRB/MitoCell1/240123_LD347n6_HCT116_LBRFKBPGFP6DG5MAPStarFRB_dish2_after-600box_peaks_clust_ch1.tif,248,12145
LD347n6/LBRFKBPGFP6DG5MAPStarFRB/MitoCell1/240123_LD347n6_HCT116_LBRFKBPGFP6DG5MAPStarFRB_dish2_after-600box_peaks_clust_ch2.tif,115,7228
LD347n6/LBRFKBPGFP6DG5MAPStarFRB/MitoCell1/240123_LD347n6_HCT116_LBRFKBPGFP6DG5MAPStarFRB_dish2_before-600box_peaks_clust_ch1.tif,292,25431
LD347n6/LBRFKBPGFP6DG5MAPStarFRB/MitoCell1/240123_LD347n6_HCT116_LBRFKBPGFP6DG5MAPStarFRB_dish2_before-600box_peaks_clust_ch2.tif,1,63
LD347n6/LBRFKBPGFP6DG5MAPStarFRB/MitoCell2/240123_LD347n6_HCT116_LBRFKBPGFP6DG5MAPStarFRB_dish4_after-600box_peaks_clust_ch1.tif,327,45484
LD347n6/LBRFKBPGFP6DG5MAPStarFRB/MitoCell2/240123_LD347n6_HCT116_LBRFKBPGFP6DG5MAPStarFRB_dish4_after-600box_peaks_clust_ch2.tif,193,23626
LD347n6/LBRFKBPGFP6DG5MAPStarFRB/MitoCell2/240123_LD347n6_HCT116_LBRFKBPGFP6DG5MAPStarFRB_dish4_before-600box_peaks_clust_ch1.tif,344,46243
LD347n6/LBRFKBPGFP6DG5MAPStarFRB/MitoCell2/240123_LD347n6_HCT116_LBRFKBPGFP6DG5MAPStarFRB_dish4_before-600box_peaks_clust_ch2.tif,2,507
LD347n6/LBRFKBPGFP6DG5MAPStarFRB/MitoCell3/240123_LD347n6_HCT116_LBRFKBPGFP6DG5MAPStarFRB_dish4_after001-600box_peaks_clust_ch1.tif,271,35511
LD347n6/LBRFKBPGFP6DG5MAPStarFRB/MitoCell3/240123_LD347n6_HCT116_LBRFKBPGFP6DG5MAPStarFRB_dish4_after001-600box_peaks_clust_ch2.tif,116,15456
LD347n6/LBRFKBPGFP6DG5MAPStarFRB/MitoCell3/240123_LD347n6_HCT116_LBRFKBPGFP6DG5MAPStarFRB_dish4_before001-600box_peaks_clust_ch1.tif,241,36529
LD347n6/LBRFKBPGFP6DG5MAPStarFRB/MitoCell3/240123_LD347n6_HCT116_LBRFKBPGFP6DG5MAPStarFRB_dish4_before001-600box_peaks_clust_ch2.tif,3,500
LD347n6/LBRFKBPGFP6DG5MAPStarFRB/MitoCell4/240123_LD347n6_HCT116_LBRFKBPGFP6DG5MAPStarFRB_dish5_after001-600box_peaks_clust_ch1.tif,229,13190
LD347n6/LBRFKBPGFP6DG5MAPStarFRB/MitoCell4/240123_LD347n6_HCT116_LBRFKBPGFP6DG5MAPStarFRB_dish5_after001-600box_peaks_clust_ch2.tif,199,21093
LD347n6/LBRFKBPGFP6DG5MAPStarFRB/MitoCell4/240123_LD347n6_HCT116_LBRFKBPGFP6DG5MAPStarFRB_dish5_before001-600box_peaks_clust_ch1.tif,193,19925
LD347n6/LBRFKBPGFP6DG5MAPStarFRB/MitoCell4/240123_LD347n6_HCT116_LBRFKBPGFP6DG5MAPStarFRB_dish5_before001-600box_peaks_clust_ch2.tif,4,1321
LD347n6/LBRFKBPGFPStarFRB/IntCell1/240123_LD347n6_HCT116_LBRFKBPGFPStarFRB_dish1_after003-600box_peaks_clust_ch1.tif,0,0
LD347n6/LBRFKBPGFPStarFRB/IntCell1/240123_LD347n6_HCT116_LBRFKBPGFPStarFRB_dish1_after003-600box_peaks_clust_ch2.tif,395,20996
LD347n6/LBRFKBPGFPStarFRB/IntCell1/240123_LD347n6_HCT116_LBRFKBPGFPStarFRB_dish1_before002-600box_peaks_clust_ch1.tif,2,58
LD347n6/LBRFKBPGFPStarFRB/IntCell1/240123_LD347n6_HCT116_LBRFKBPGFPStarFRB_dish1_before002-600box_peaks_clust_ch2.tif,18,2922
LD347n6/LBRFKBPGFPStarFRB/IntCell2/240123_LD347n6_HCT116_LBRFKBPGFPStarFRB_dish2_after002-800box_peaks_clust_ch1.tif,0,0
LD347n6/LBRFKBPGFPStarFRB/IntCell2/240123_LD347n6_HCT116_LBRFKBPGFPStarFRB_dish2_after002-800box_peaks_clust_ch2.tif,771,48841
LD347n6/LBRFKBPGFPStarFRB/IntCell2/240123_LD347n6_HCT116_LBRFKBPGFPStarFRB_dish2_before002-800box_peaks_clust_ch1.tif,0,0
LD347n6/LBRFKBPGFPStarFRB/IntCell2/240123_LD347n6_HCT116_LBRFKBPGFPStarFRB_dish2_before002-800box_peaks_clust_ch2.tif,33,3188
LD347n6/LBRFKBPGFPStarFRB/IntCell3/240123_LD347n6_HCT116_LBRFKBPGFPStarFRB_dish3_after-600box_peaks_clust_ch1.tif,0,0
LD347n6/LBRFKBPGFPStarFRB/IntCell3/240123_LD347n6_HCT116_LBRFKBPGFPStarFRB_dish3_after-600box_peaks_clust_ch2.tif,208,17276
LD347n6/LBRFKBPGFPStarFRB/IntCell3/240123_LD347n6_HCT116_LBRFKBPGFPStarFRB_dish3_before002-600box_peaks_clust_ch1.tif,0,0
LD347n6/LBRFKBPGFPStarFRB/IntCell3/240123_LD347n6_HCT116_LBRFKBPGFPStarFRB_dish3_before002-600box_peaks_clust_ch2.tif,1,55
LD347n6/LBRFKBPGFPStarFRB/IntCell4/240123_LD347n6_HCT116_LBRFKBPGFPStarFRB_dish3_after001-700box_peaks_clust_ch1.tif,0,0
LD347n6/LBRFKBPGFPStarFRB/IntCell4/240123_LD347n6_HCT116_LBRFKBPGFPStarFRB_dish3_after001-700box_peaks_clust_ch2.tif,300,21455
LD347n6/LBRFKBPGFPStarFRB/IntCell4/240123_LD347n6_HCT116_LBRFKBPGFPStarFRB_dish3_before-700box_peaks_clust_ch1.tif,0,0
LD347n6/LBRFKBPGFPStarFRB/IntCell4/240123_LD347n6_HCT116_LBRFKBPGFPStarFRB_dish3_before-700box_peaks_clust_ch2.tif,4,1205
LD347n6/LBRFKBPGFPStarFRB/IntCell5/240123_LD347n6_HCT116_LBRFKBPGFPStarFRB_dish3_after002-600box_peaks_clust_ch1.tif,0,0
LD347n6/LBRFKBPGFPStarFRB/IntCell5/240123_LD347n6_HCT116_LBRFKBPGFPStarFRB_dish3_after002-600box_peaks_clust_ch2.tif,358,22121
LD347n6/LBRFKBPGFPStarFRB/IntCell5/240123_LD347n6_HCT116_LBRFKBPGFPStarFRB_dish3_before001-600box_peaks_clust_ch1.tif,0,0
LD347n6/LBRFKBPGFPStarFRB/IntCell5/240123_LD347n6_HCT116_LBRFKBPGFPStarFRB_dish3_before001-600box_peaks_clust_ch2.tif,16,1553
LD347n6/LBRFKBPGFPStarFRB/MitoCell1/240123_LD347n6_HCT116_LBRFKBPGFPStarFRB_dish1_after-600box_peaks_clust_ch1.tif,0,0
LD347n6/LBRFKBPGFPStarFRB/MitoCell1/240123_LD347n6_HCT116_LBRFKBPGFPStarFRB_dish1_after-600box_peaks_clust_ch2.tif,98,4160
LD347n6/LBRFKBPGFPStarFRB/MitoCell1/240123_LD347n6_HCT116_LBRFKBPGFPStarFRB_dish1_before-600box_peaks_clust_ch1.tif,0,0
LD347n6/LBRFKBPGFPStarFRB/MitoCell1/240123_LD347n6_HCT116_LBRFKBPGFPStarFRB_dish1_before-600box_peaks_clust_ch2.tif,0,0
LD347n6/LBRFKBPGFPStarFRB/MitoCell2/240123_LD347n6_HCT116_LBRFKBPGFPStarFRB_dish1_after001-600box_peaks_clust_ch1.tif,0,0
LD347n6/LBRFKBPGFPStarFRB/MitoCell2/240123_LD347n6_HCT116_LBRFKBPGFPStarFRB_dish1_after001-600box_peaks_clust_ch2.tif,139,6255
LD347n6/LBRFKBPGFPStarFRB/MitoCell2/240123_LD347n6_HCT116_LBRFKBPGFPStarFRB_dish1_before001-600box_peaks_clust_ch1.tif,0,0
LD347n6/LBRFKBPGFPStarFRB/MitoCell2/240123_LD347n6_HCT116_LBRFKBPGFPStarFRB_dish1_before001-600box_peaks_clust_ch2.tif,0,0
LD347n6/LBRFKBPGFPStarFRB/MitoCell3/240123_LD347n6_HCT116_LBRFKBPGFPStarFRB_dish1_after002-600box_peaks_clust_ch1.tif,0,0
LD347n6/LBRFKBPGFPStarFRB/MitoCell3/240123_LD347n6_HCT116_LBRFKBPGFPStarFRB_dish1_after002-600box_peaks_clust_ch2.tif,162,11850
LD347n6/LBRFKBPGFPStarFRB/MitoCell3/240123_LD347n6_HCT116_LBRFKBPGFPStarFRB_dish1_before003-600box_peaks_clust_ch1.tif,0,0
LD347n6/LBRFKBPGFPStarFRB/MitoCell3/240123_LD347n6_HCT116_LBRFKBPGFPStarFRB_dish1_before003-600box_peaks_clust_ch2.tif,1,21
LD347n6/LBRFKBPGFPStarFRB/MitoCell4/240123_LD347n6_HCT116_LBRFKBPGFPStarFRB_dish2_after-600box_peaks_clust_ch1.tif,0,0
LD347n6/LBRFKBPGFPStarFRB/MitoCell4/240123_LD347n6_HCT116_LBRFKBPGFPStarFRB_dish2_after-600box_peaks_clust_ch2.tif,182,17197
LD347n6/LBRFKBPGFPStarFRB/MitoCell4/240123_LD347n6_HCT116_LBRFKBPGFPStarFRB_dish2_before-600box_peaks_clust_ch1.tif,0,0
LD347n6/LBRFKBPGFPStarFRB/MitoCell4/240123_LD347n6_HCT116_LBRFKBPGFPStarFRB_dish2_before-600box_peaks_clust_ch2.tif,8,1310
LD347n6/LBRFKBPGFPStarFRB/MitoCell5/240123_LD347n6_HCT116_LBRFKBPGFPStarFRB_dish2_after001-600box_peaks_clust_ch1.tif,0,0
LD347n6/LBRFKBPGFPStarFRB/MitoCell5/240123_LD347n6_HCT116_LBRFKBPGFPStarFRB_dish2_after001-600box_peaks_clust_ch2.tif,248,30729
LD347n6/LBRFKBPGFPStarFRB/MitoCell5/240123_LD347n6_HCT116_LBRFKBPGFPStarFRB_dish2_before001-600box_peaks_clust_ch1.tif,0,0
LD347n6/LBRFKBPGFPStarFRB/MitoCell5/240123_LD347n6_HCT116_LBRFKBPGFPStarFRB_dish2_before001-600box_peaks_clust_ch2.tif,26,5476
